<component size="1136,570">
  <displayList>
    <component id="n0" name="n0" src="es412z" xy="43,42"/>
    <text id="n7" name="n7" xy="106,17" size="89,16" fontSize="12" text="溢出处理：隐藏"/>
    <graph id="n4" name="n4" xy="19,387" size="341,151" type="rect" fillColor="#ff000000"/>
    <component id="n3" name="n3" src="smv73f" xy="19,387"/>
    <text id="n10" name="n10" xy="138,367" size="89,16" fontSize="12" text="可滚动文本示例"/>
    <component id="n2" name="n2" src="smv731" xy="321,41"/>
    <text id="n9" name="n9" xy="381,20" size="113,16" fontSize="12" text="溢出处理：自由滚动"/>
    <graph id="n17" name="n17" xy="572,34" size="225,343" type="rect" fillColor="#ff000000"/>
    <component id="n14" name="n14" src="smv73g" xy="572,34"/>
    <text id="n15" name="n15" xy="590,14" size="167,16" fontSize="12" text="溢出处理：垂直滚动+边缘留空"/>
    <graph id="n19" name="n19" xy="386,405" size="341,151" type="rect" fillColor="#ff000000"/>
    <component id="n18" name="n18" src="smv73h" xy="386,405"/>
    <text id="n20" name="n20" xy="509,384" size="101,16" fontSize="12" text="滚动条显示在左边"/>
    <graph id="n24" name="n24" xy="744,425" size="377,120" type="rect" fillColor="#ff000000"/>
    <component id="n22" name="n22" src="smv73i" xy="744,426" size="377,120"/>
    <text id="n23" name="n23" xy="810,402" size="125,16" fontSize="12" text="滚动条可以自定义位置"/>
  </displayList>
</component>