<movieclip interval="41" frameCount="34">
  <frames>
    <frame rect="0,0,337,173"/>
    <frame rect="0,0,337,173" sprite="0"/>
    <frame rect="0,0,337,173" sprite="0"/>
    <frame rect="0,0,337,173" sprite="0"/>
    <frame rect="0,24,337,148"/>
    <frame rect="0,24,337,148" sprite="4"/>
    <frame rect="0,24,337,148" sprite="4"/>
    <frame rect="0,24,337,148" sprite="4"/>
    <frame rect="0,48,337,121"/>
    <frame rect="0,48,337,121" sprite="8"/>
    <frame rect="0,102,337,67"/>
    <frame rect="0,102,337,67" sprite="10"/>
    <frame rect="0,102,337,67" sprite="10"/>
    <frame rect="0,103,336,113"/>
    <frame rect="0,103,336,113" sprite="13"/>
    <frame rect="0,103,336,113" sprite="13"/>
    <frame rect="0,103,336,113" sprite="13"/>
    <frame rect="0,102,337,130"/>
    <frame rect="0,102,337,130" sprite="17"/>
    <frame rect="0,102,337,130" sprite="17"/>
    <frame rect="0,102,337,130" sprite="17"/>
    <frame rect="0,102,337,114"/>
    <frame rect="0,102,337,114" sprite="21"/>
    <frame rect="0,102,337,114" sprite="21"/>
    <frame rect="0,102,337,114" sprite="21"/>
    <frame rect="0,102,337,95"/>
    <frame rect="0,102,337,95" sprite="25"/>
    <frame rect="0,77,337,96"/>
    <frame rect="0,77,337,96" sprite="27"/>
    <frame rect="0,77,337,96" sprite="27"/>
    <frame rect="0,43,337,130"/>
    <frame rect="0,43,337,130" sprite="30"/>
    <frame rect="0,43,337,130" sprite="30"/>
    <frame rect="0,43,337,130" sprite="30"/>
  </frames>
</movieclip>