<component size="180,70" extention="Button">
  <controller name="button" pages="0,up,1,down,2,over,3,selectedOver" selected="0"/>
  <displayList>
    <image id="n0" name="bg" src="rpmb1" xy="2,5" size="181,70">
      <relation target="" sidePair="width-width,height-height"/>
    </image>
    <text id="n1" name="title" xy="11,12" size="157,46" fontSize="22" color="#ffff00" align="center" vAlign="middle" autoSize="none" text="">
      <relation target="" sidePair="width-width,height-height"/>
    </text>
    <loader id="n2" name="icon" xy="9,11" size="160,49" align="center" vAlign="middle">
      <relation target="" sidePair="width-width,height-height"/>
    </loader>
  </displayList>
  <Button downEffect="scale" downEffectValue="0.80"/>
</component>