<component size="66,44" extention="Button">
  <controller name="button" pages="0,up,1,down,2,over,3,selectedOver" selected="0"/>
  <displayList>
    <image id="n1" name="n1" src="rpmbl" xy="0,0" size="66,44">
      <gearDisplay controller="button" pages="0"/>
      <relation target="" sidePair="width-width,height-height"/>
    </image>
    <image id="n2" name="n2" src="rpmbj" xy="0,0" size="66,37">
      <gearDisplay controller="button" pages="2"/>
      <relation target="" sidePair="width-width,height-height"/>
    </image>
    <image id="n3" name="n3" src="rpmbm" xy="0,0" size="66,44">
      <gearDisplay controller="button" pages="1,3"/>
      <relation target="" sidePair="width-width,height-height"/>
    </image>
    <image id="n4" name="n4" src="rpmbk" xy="0,0" size="66,44">
      <gearDisplay controller="button" pages="3"/>
      <relation target="" sidePair="width-width,height-height"/>
    </image>
    <loader id="n6" name="icon" xy="0,0" size="66,30" align="center" vAlign="middle"/>
    <text id="n5" name="title" xy="0,0" size="66,25" fontSize="16" color="#ffffff" align="center" vAlign="middle" leading="0" autoSize="none" strokeColor="#000000" text="">
      <relation target="" sidePair="width-width,height-height"/>
      <gearColor controller="button" pages="0,1,2,3" values="#ffffff|-|#ffffff|-" default="#dfb536"/>
    </text>
  </displayList>
  <Button mode="Radio"/>
</component>