<component size="640,890">
  <displayList>
    <text id="n5" name="n5" xy="32,11" size="535,20" fontSize="16" autoSize="none" text="图片可以改变颜色或亮度（等同于设置灰阶颜色），可以水平和垂直翻转"/>
    <image id="n6" name="n6" src="sner1h" xy="16,56"/>
    <image id="n7" name="n7" src="sner1h" xy="194,56" color="#66ff00" flip="hz"/>
    <image id="n8" name="n8" src="sner1h" xy="414,209" size="179,223" alpha="0.62" color="#707070" flip="vt"/>
    <image id="n9" name="n9" src="sner1h" xy="400,110" size="130,142" rotation="-39" color="#5e5e5e"/>
    <text id="n11" name="n11" xy="35,456" size="585,45" fontSize="16" autoSize="none" text="缩放支持三种模式：直接缩放/九宫格/平铺。在库里右击图片，然后点击菜单中的编辑，可以打开图片属性"/>
    <image id="n12" name="n12" src="rt103m" xy="21,536" size="294,173"/>
    <text id="n14" name="n14" xy="132,514" size="41,16" fontSize="12" text="九宫格"/>
    <image id="n15" name="n15" src="nz0z20" xy="377,540" size="209,165"/>
    <text id="n16" name="n16" xy="462,513" size="29,16" fontSize="12" text="平铺"/>
    <image id="n17" name="n17" src="nz0z20" xy="381,716" size="209,165" grayed="true" flip="both"/>
    <image id="n19" name="n19" src="rt103m" xy="19,709" size="294,173" grayed="true" flip="both"/>
  </displayList>
</component>