<component size="1136,570">
  <displayList>
    <text id="n0" name="n0" xy="14,10" size="583,71" fontSize="16" leading="6" autoSize="none" text="装载器可以动态载入图片和动画，在编辑器里可以通过设置URL属性，在SDK里可以通过设置url属性的值。&#xA;常用于显示动态图标。"/>
    <loader id="n1" name="n1" xy="34,112" size="90,90" url="ui://9leh0eyfwa8u2t"/>
    <loader id="n2" name="n2" xy="149,110" size="133,131" url="ui://9leh0eyfwa8u2t" fill="scale"/>
    <loader id="n3" name="n3" xy="302,111" size="133,131" scale="2,2" url="ui://9leh0eyfwa8u2u" align="center" vAlign="middle"/>
    <loader id="n4" name="n4" xy="54,229" size="60,60" url="ui://9leh0eyfhixt1v"/>
    <loader id="n5" name="n5" xy="73,315" size="183,121" url="ui://9leh0eyft9fj5f" align="center" vAlign="middle"/>
  </displayList>
</component>