<component size="505,50" extention="Button">
  <controller name="button" pages="0,up,1,down,2,over,3,selectedOver" selected="0"/>
  <displayList>
    <graph id="n2" name="n2" xy="0,0" size="505,48" type="rect" lineColor="#ffccffff" fillColor="#0026498b">
      <gearDisplay controller="button" pages="1,3"/>
      <relation target="" sidePair="width-width,height-height"/>
    </graph>
    <graph id="n3" name="n3" xy="0,0" size="505,50" type="rect" lineColor="#ff7b98ac" fillColor="#b548797e">
      <gearDisplay controller="button" pages="2"/>
      <relation target="" sidePair="width-width,height-height"/>
    </graph>
    <text id="n1" name="t3" xy="387,11" size="115,28" fontSize="22" color="#ffffff" align="center" autoSize="none" singleLine="true" text="100000">
      <relation target="" sidePair="width-width"/>
    </text>
    <graph id="n4" name="n4" xy="0,49" size="505,1" type="rect" lineSize="0" fillColor="#ff325b62">
      <relation target="" sidePair="width-width"/>
    </graph>
    <text id="n5" name="t1" xy="62,11" size="220,28" fontSize="22" color="#ffffff" autoSize="none" singleLine="true" text="Name"/>
    <component id="n7" name="cb" src="rpmb16" xy="1,0">
      <Button checked="true"/>
    </component>
    <movieclip id="n8" name="mc" src="hixt1v" xy="311,3" size="47,42"/>
  </displayList>
  <Button mode="Radio"/>
</component>