<component size="640,879">
  <displayList>
    <list id="n0" name="n0" xy="18,65" size="163,422" overflow="scroll" scrollBarFlags="256" margin="0,0,0,0" clipSoftness="0,20" lineGap="6" defaultItem="ui://9leh0eyfkpev60">
      <item title="100" icon="ui://9leh0eyfkpev64"/>
      <item title="1" icon="ui://9leh0eyfkpev64"/>
      <item title="2" icon="ui://9leh0eyfkpev64"/>
      <item title="99" icon="ui://9leh0eyfkpev64"/>
      <item title="4" icon="ui://9leh0eyfkpev64"/>
      <item title="5" icon="ui://9leh0eyfkpev64"/>
    </list>
    <text id="n1" name="n1" xy="7,7" size="583,25" fontSize="16" leading="6" autoSize="none" text="列表有四种布局"/>
    <text id="n2" name="n2" xy="45,42" size="53,16" fontSize="12" text="单列竖排"/>
    <list id="n4" name="n4" xy="19,527" size="571,126" layout="row" overflow="scroll" scroll="horizontal" margin="0,0,0,0" clipSoftness="0,20" lineGap="6" colGap="6" defaultItem="ui://9leh0eyfkpev60">
      <item title="100" icon="ui://9leh0eyfkpev64"/>
      <item title="1" icon="ui://9leh0eyfkpev64"/>
      <item title="2" icon="ui://9leh0eyfkpev64"/>
      <item title="99" icon="ui://9leh0eyfkpev64"/>
      <item title="4" icon="ui://9leh0eyfkpev64"/>
      <item title="5" icon="ui://9leh0eyfkpev64"/>
    </list>
    <text id="n5" name="n5" xy="30,505" size="53,16" fontSize="12" text="单列横排"/>
    <list id="n7" name="n7" xy="20,688" size="434,178" layout="flow_hz" overflow="scroll" margin="0,0,0,0" clipSoftness="0,20" lineGap="6" colGap="6" defaultItem="ui://9leh0eyfkpev60">
      <item title="100" icon="ui://9leh0eyfkpev64"/>
      <item title="1" icon="ui://9leh0eyfkpev64"/>
      <item title="2" icon="ui://9leh0eyfkpev64"/>
      <item title="99" icon="ui://9leh0eyfkpev64"/>
      <item title="4" icon="ui://9leh0eyfkpev64"/>
      <item title="5" icon="ui://9leh0eyfkpev64"/>
    </list>
    <text id="n8" name="n8" xy="57,667" size="53,16" fontSize="12" text="横向流动"/>
    <list id="n9" name="n9" xy="228,67" size="263,447" layout="flow_vt" overflow="scroll" scroll="horizontal" margin="0,0,0,0" clipSoftness="0,20" lineGap="6" colGap="6" defaultItem="ui://9leh0eyfkpev60">
      <item title="100" icon="ui://9leh0eyfkpev64"/>
      <item title="1" icon="ui://9leh0eyfkpev64"/>
      <item title="2" icon="ui://9leh0eyfkpev64"/>
      <item title="99" icon="ui://9leh0eyfkpev64"/>
      <item title="4" icon="ui://9leh0eyfkpev64"/>
      <item title="5" icon="ui://9leh0eyfkpev64"/>
    </list>
    <text id="n10" name="n10" xy="272,43" size="53,16" fontSize="12" text="竖向流动"/>
  </displayList>
</component>